id,age,age_sd,position
bent_A,0.2049603,0.005067825,2.5
bent_B,1.277776,0.036216905,16.45
bent_C,2.37478,0.0618399,22.5
bent_D,3.329016,0.0770079,28.45