period,frequency,orbital_cycle
0.4056795,2.46500008,eccentricity
0.130719,7.649997323,eccentricity
0.123839,8.075000606,eccentricity
0.09886307,10.11500047,eccentricity
0.09487666,10.54000004,eccentricity
0.040966817,24.41,obliquity
0.02362069,42.33576581,precession
0.02231868,44.80551717,precession
0.018993447,52.64973723,precession
0.01906768,52.44476517,precession